<aiml version="1.0">

<!-- This category works with the standard AIML Set -->
<category>
<pattern>LOAD AIML B</pattern>
<template>

<!-- Load standard AIML set

<learn>aiml-teacher/standard/std-65percent.aiml</learn>
<learn>aiml-teacher/standard/std-atomic.aiml</learn>
<learn>aiml-teacher/standard/std-botmaster.aiml</learn>
<learn>aiml-teacher/standard/std-brain.aiml</learn>
<learn>aiml-teacher/standard/std-connect.aiml</learn>
<learn>aiml-teacher/standard/std-dictionary.aiml</learn>
<learn>aiml-teacher/standard/std-disconnect.aiml</learn>
<learn>aiml-teacher/standard/std-dont.aiml</learn>
<learn>aiml-teacher/standard/std-errors.aiml</learn>
<learn>aiml-teacher/standard/std-gender.aiml</learn>
<learn>aiml-teacher/standard/std-geography.aiml</learn>
<learn>aiml-teacher/standard/std-german.aiml</learn>
<learn>aiml-teacher/standard/std-gossip.aiml</learn>
<learn>aiml-teacher/standard/std-hello.aiml</learn>
<learn>aiml-teacher/standard/std-inactivity.aiml</learn>
<learn>aiml-teacher/standard/std-inventions.aiml</learn>
<learn>aiml-teacher/standard/std-knowledge.aiml</learn>
<learn>aiml-teacher/standard/std-lizards.aiml</learn>
<learn>aiml-teacher/standard/std-login.aiml</learn>
<learn>aiml-teacher/standard/std-numbers.aiml</learn>
<learn>aiml-teacher/standard/std-personality.aiml</learn>
<learn>aiml-teacher/standard/std-pickup.aiml</learn>
<learn>aiml-teacher/standard/std-politics.aiml</learn>
<learn>aiml-teacher/standard/std-profile.aiml</learn>
<learn>aiml-teacher/standard/std-religion.aiml</learn>
<learn>aiml-teacher/standard/std-robot.aiml</learn>
<learn>aiml-teacher/standard/std-sales.aiml</learn>
<learn>aiml-teacher/standard/std-sextalk.aiml</learn>
<learn>aiml-teacher/standard/std-sports.aiml</learn>
<learn>aiml-teacher/standard/std-srai.aiml</learn>
<learn>aiml-teacher/standard/std-suffixes.aiml</learn>
<learn>aiml-teacher/standard/std-that.aiml</learn>
<learn>aiml-teacher/standard/std-turing.aiml</learn>
<learn>aiml-teacher/standard/std-yesno.aiml</learn> -->
<learn>aiml-teacher/additional/english.aiml</learn>
</template>
</category>

</aiml>